{
  "format_version": "1.20.60",
  "minecraft:biome": {
    "description": {
      "identifier": "cold_taiga"
    },
    "components": {
      "minecraft:climate": {
        "downfall": 0.4,
        "snow_accumulation": [ 0.125, 0.5 ],
        "temperature": -0.5
      },
      "minecraft:overworld_height": {
        "noise_type": "taiga"
      },
      "minecraft:surface_parameters": {
        "sea_floor_depth": 7,
        "sea_floor_material": "minecraft:gravel",
        "foundation_material": "minecraft:stone",
        "mid_material": "minecraft:dirt",
        "top_material": "minecraft:grass_block",
        "sea_material": "minecraft:water"
      },
      "minecraft:overworld_generation_rules": {
        "hills_transformation": "cold_taiga_hills",
        "mutate_transformation": "cold_taiga_mutated",
        "generate_for_climates": [
          [ "frozen", 1 ]
        ]
      },

      "minecraft:tags": {
        "tags": [
          "animal",
          "cold",
          "forest",
          "monster",
          "overworld",
          "taiga",
          "has_structure_trail_ruins",
          "spawns_cold_variant_farm_animals"
        ]
      }
    }
  }
}
