{
  "format_version": "1.20.60",
  "minecraft:biome": {
    "description": {
      "identifier": "extreme_hills_plus_trees"
    },
    "components": {
      "minecraft:climate": {
        "downfall": 0.3,
        "snow_accumulation": [ 0.0, 0.125 ],
        "temperature": 0.2
      },
      "minecraft:overworld_height": {
        "noise_type": "extreme"
      },
      "minecraft:surface_parameters": {
        "sea_floor_depth": 7,
        "sea_floor_material": "minecraft:gravel",
        "foundation_material": "minecraft:stone",
        "mid_material": "minecraft:dirt",
        "top_material": "minecraft:grass_block",
        "sea_material": "minecraft:water"
      },
      "minecraft:overworld_generation_rules": {
        "mutate_transformation": "extreme_hills_plus_trees_mutated"
      },

      "minecraft:tags": {
        "tags": [
          "animal",
          "extreme_hills",
          "forest",
          "monster",
          "mountain",
          "overworld",
          "spawns_cold_variant_farm_animals"
        ]
      }
    }
  }
}
