{
  "format_version": "1.20.60",
  "minecraft:biome": {
    "description": {
      "identifier": "ice_plains_spikes"
    },
    "components": {
      "minecraft:creature_spawn_probability": { "probability": 0.07 },
      "minecraft:climate": {
        "downfall": 1.0,
        "snow_accumulation": [ 0.5, 1.5 ],
        "temperature": 0.0
      },
      "minecraft:overworld_height": {
        "noise_params": [ 0.425, 0.45 ]
      },
      "minecraft:surface_parameters": {
        "sea_floor_depth": 7,
        "sea_floor_material": "minecraft:gravel",
        "foundation_material": "minecraft:stone",
        "mid_material": "minecraft:dirt",
        "top_material": "minecraft:snow",
        "sea_material": "minecraft:water"
      },

      "minecraft:tags": {
        "tags": [
          "frozen",
          "ice_plains",
          "monster",
          "mutated",
          "overworld",
	        "spawns_cold_variant_farm_animals",
          "spawns_cold_variant_frogs",
          "spawns_white_rabbits"
        ]
      }
    }
  }
}
